AdoptionSpeed,PetID
1,378fcc4fc
3,73c10e136
4,72000c4c5
4,e147a4b9f
4,43fbba852
4,77a490ec9
4,28c4b1b13
4,d1eada628
3,d134dec34
1,bcd464bb8
3,4e21958c3
4,7b070aed6
4,ff8d0708f
4,f1e6c9bf3
4,248914c05
4,948002885
2,111e67cd2
4,4f4b2ede1
4,d77fca061
3,ac9fb74b9
4,47ef39e7a
1,c69ee9807
4,62dcf8ecb
2,4df1d19d6
1,e8ef8455e
2,cbd23bc17
3,4d1a91ccf
2,004ee5cf7
4,95fad0a75
4,64341b5db
3,36726d4ef
4,0b56a7525
3,7f819d0db
4,550a0368b
4,9f60fc089
3,92ad0b5d6
2,a0465636d
4,257e363e0
2,ead84ae08
4,e3b8f72db
4,3dd3a9a4a
4,7d266f64e
1,ee31cafb8
4,39795544e
4,bd401c9d7
4,ca34f08c5
4,f28185f8b
2,578ded1cf
3,075c67b05
4,2d3f76a93
4,c9049c53d
3,d51a9f925
3,1d4d82bda
1,e56ca790d
1,64d85557b
4,07dfc8e89
4,5891eb6ec
4,1e79f1a74
1,0603e450a
4,4c08175f2
4,63ea487ed
4,94738fe21
1,f8c7d5162
2,3aab441c8
4,9aaaee20a
3,99b56d294
3,35edda33d
4,348fade02
1,301b3b88b
4,59b68d2e2
1,bcb71ba05
1,b3d560f95
1,c87763ce2
4,40f5e930e
3,0e178cab1
4,ea75287c4
4,128337e08
2,1a92f6e92
3,f1eb8b164
4,959a881a3
4,699ede995
3,95b2b8d75
4,75f25bcb6
4,87c583bbc
2,c74a234f2
4,02661c4c5
4,fee0eca1a
3,1ec246964
2,9d9ac4430
2,68801b60f
3,fe174feaf
4,295d49ea4
4,6ab47c3bb
4,bdb8343cb
4,d36ac8c08
4,3972dce9e
4,a0b3ccddc
4,6e4ba0bbc
4,b23d4068f
4,2920191f9
4,d683ca8e2
2,48efa3f5e
4,e03924fbe
3,6d19b5b19
3,c224db738
4,1b5ee9232
2,a3af20492
4,1dfaadc39
4,427a7d9a4
3,d8e945151
3,27c72b14a
4,3b69b9208
4,cc5e6046a
4,ff78e02f1
4,2499a5ac3
3,53c4f449e
4,4f167e094
3,76b8cdefd
4,94c6c543b
4,835cb2fef
4,a90f1da14
4,4db3fb6cd
3,6d680bfcd
3,ff8d81a17
1,bddf3eba7
1,af689290f
3,83c01a2f1
4,73a62be68
2,b590148db
4,c143aa174
4,71866498f
4,959973c0a
4,87bf9db6c
2,3ccb69d5e
2,e9a238ffc
4,8b590e38d
4,ae69e67e9
4,4ccb74caf
3,023572703
4,c8107d860
4,ae6da35ad
4,0b3c0c460
1,ddb893ad0
3,31896f476
2,091271d52
3,7977c1678
1,c584098d4
2,7c0eb87d7
1,bc2140510
1,500ddcf93
1,f9d04b2c1
2,1895238aa
4,7410e4590
4,238a79d8f
4,335c29a28
4,9b7e7d728
1,9bb49d92f
4,47edb873c
4,0de470e08
4,fcbadee1d
2,b245ba4ee
2,a752c78f4
4,201dab625
2,4fb06e56b
2,57fc14141
2,b5f878e59
1,dfa4ed447
1,9685bf777
2,bf5e0d442
2,78a8f8a07
2,92143aaee
2,f72282155
1,aac356b94
2,f86d87b63
2,e38b05c0d
2,b058642e7
2,655867ece
2,e024807df
3,4192f7f1b
4,2b9c8cfa6
3,1640ba06b
2,bef3d72f4
0,7fda5f5f8
2,67405624c
3,96c7bbbaf
1,6bbf1c7a8
3,5470874da
2,677287d56
4,10888c73f
1,c941bf351
2,db6972cb2
1,a657b0ea6
2,e9143cfdf
3,c1805e832
2,261ce8fc3
2,de136c13b
2,8ed7d0992
1,da111ef86
2,9af944fc5
0,0325c6d0c
1,b003e8b9f
2,889bfaf96
3,a4404351a
3,3a00823a4
1,5e98f3ff3
3,d8acef713
2,b974a19cd
1,df21b3124
3,9b01e4b24
2,387ae48fc
1,1ee21b297
3,8fd546c6f
2,dbe6d4fd1
1,09dbd2f26
2,2acdd3a56
2,8b6fd3411
4,26f787401
2,cea74a1f7
1,df4f4130b
3,ef6b5d97f
3,97a07be8d
2,b079f32ce
2,964243fcb
2,6c48a45ee
1,0f3aa4636
1,3bd5dd377
1,bd86f3b7c
2,4af2a37ff
2,0dee9d530
2,1430f6686
4,f6b750fa0
3,851572525
2,b8821af5e
2,7c0cb2781
1,5882f07fa
1,b4dbe4f8d
1,58834bef4
2,d32ca0658
3,0a4d04d13
2,99c6a442d
2,99a0d761b
0,5cfe97f4d
2,5edfbf6ba
2,0b1d74132
2,90336856d
3,223157063
4,1f1ddd287
1,cd51d5ffe
3,144d036b1
2,3b715cea3
3,176780982
4,7950faa64
3,c55bc1c7c
3,b2b237033
2,81d4518ee
2,4df1ef790
2,0915242e3
4,9bc2df0bb
4,1fb65d9a3
4,65a011bca
3,88147811c
3,fff5752ef
2,8f52ecfdd
4,cd4d7d073
4,cbf5be359
1,4d1055a38
2,ad4d4083a
4,a27323945
4,df25123be
4,64048c5fb
2,d160d237c
3,684c1757e
3,0ab53d252
3,cefd51047
4,c48a69f0a
2,da11448b6
4,f5bc25243
3,7a0627be7
2,e13c0f168
2,0eb92ca85
2,6f3a546dc
4,60dc59d7e
1,50848490f
4,ebbfc5416
2,be33711da
1,29ffee2ab
3,f22172a19
2,de5a1529d
4,78bf39732
3,df90f6792
1,d6ab3d456
2,bb36edf54
2,ef5d82c92
3,7700279d3
2,abc94aacf
4,771d872a7
3,7b074b69d
0,0b74e8432
4,fa07edb31
4,0a9497647
2,2e6ed1d30
1,e9665fc0f
2,b58629240
4,fb3a6969b
4,d739b8ea0
4,351ca0f97
4,41b3f325e
4,1e5fba5c2
1,efbc6b3fe
4,c4fa4914b
2,c1a0105d0
4,a5c61707b
1,f31765a83
3,f554997f5
4,b4b53b798
2,5eb07029d
4,7aa891436
3,53d7bd640
2,9e1db93d7
2,002d58f95
2,801ce34d9
3,971d25a97
1,82203c5da
2,9a5b91c0a
4,838c99628
4,04465b5e7
2,3f9fd0166
1,baa12ea44
1,0584689f1
3,3bf766f12
4,cc854698d
3,0f14425da
4,eea05de84
4,24a749cf5
2,6b0e3e8a4
2,26cad56b0
3,6cd12b223
2,f75ef16b3
2,50d9eb08e
3,1d9b084a3
3,557b18791
3,872d0a084
2,6f35aa679
2,5f1a99014
3,820720238
3,a09a02848
3,ed19d5a78
1,7f1d157a6
2,5b1b64fc6
2,a76126713
4,55a13f499
2,70c322ca8
3,b759d6a14
4,48f5fa3df
1,835f0b15c
4,b000029b2
2,0768924b3
4,c3e62dc54
3,72123cd55
4,b40e4f9e9
4,a12e55ad6
2,cf01fc160
2,617e5fe89
4,ef4302021
2,7f5646199
1,d5d8f297e
1,78db7b8e3
4,ec92805e3
1,d8823e6dd
2,e76e72f23
1,ec767387d
2,69c0631de
2,8049de4a7
1,b6c980449
2,928357091
2,60f010c04
1,8aa1e6cb5
4,02d7d425a
4,3eec94b7b
4,ab8ab0e02
4,bddd0c64a
4,b7e885611
4,a0a0ddd80
4,d826ef544
1,08f0404e1
2,33f5c30ff
3,e1eaf1f74
4,e4618b7b9
3,a50d71570
3,4a288da21
4,9d9733860
2,73f318529
3,cca745253
1,eacbd58b0
2,eec125a4a
1,502911dbd
4,e04a35a41
4,5342033a7
4,cdaf456cf
4,75e4fbcef
2,3087667fd
4,7562239de
4,2378b2a7d
4,ea1a2b014
4,c86c3f3b3
4,87db66a72
4,9e8aed47c
2,aa4ec0b7b
1,54e04a9c4
2,4b047a13d
4,780edb258
1,f3c696dce
4,532aa2fb9
4,9f814c16e
4,1d7cdece4
4,e3b49febf
3,8ad63f37f
4,a7d5c2242
4,c43c466e3
1,c3433e19d
2,1b5943aaa
3,1f27709ce
1,93b1fdf09
3,8d7fbf152
4,e46215f44
4,92ae90261
2,c26273a72
2,b6faa5d0c
2,831daae06
4,7be9199b4
4,a5b873b6e
3,b702963dd
1,a982d66db
3,81fa439c6
4,31a535f56
4,cc6abdd95
4,de097478a
3,f69593c1b
3,948ce715f
3,f9f2a222e
3,5a393e52c
3,bb55b187f
2,4657c608a
1,879067966
2,6fdc13751
4,058d9f3fd
4,4137e2c58
4,a0e97dd06
4,87eeb11ac
4,e0be7d774
4,d405dfce6
4,a6914376f
4,e6845a1d1
3,1ae728335
3,849b12fe0
4,7a82b099c
3,891b51d83
4,987c30415
3,fa42fddef
2,44664ad4a
4,cf38c80ab
2,5408a54c7
3,4303c865e
3,b39f6200e
4,97ebb54fe
4,717d8019c
3,98c8a3e58
2,29c57716c
4,46d2d6f64
1,dfd722c50
3,4487f2bcf
4,e5e796868
0,30e80f19c
4,1ae174833
4,4b4881b91
4,0e2869ac3
4,e938a1e6a
4,82214f3a4
4,28cd684a5
4,8bc2c1ead
2,6e0ee24b0
4,cb8d2a118
4,a4de34766
4,9dc89cdab
3,b0bbd1503
4,1be0db8e9
2,85cacbcec
3,db1b7bf8b
3,de7ae1f0b
3,c9b70a7c4
3,8e3fe7b5e
4,ac13c0cd4
2,7400342c0
2,20647571b
2,feea78c0a
2,8807673c1
2,e554dffbc
2,79d37667e
2,926ef2f60
1,20f58ed95
3,073f57c15
4,0f8b0cb3c
4,878904af4
4,ea6f66062
4,ac3e0a48f
1,004cf6089
2,5cfe411cb
3,7ebafbae3
3,f9cf956fc
1,a53278ff3
4,19a0f671b
3,d26296a67
4,9b2f67c6e
2,6f3d75dc1
2,3ff5b908e
3,f3c74e463
2,145aa4d64
1,f42a5b81c
2,995728b7e
2,c3fc3bcb8
1,a3ea76f09
2,b51266b11
4,2801de50d
3,0ad9d4fd0
2,4f1941c1b
3,39cc80de9
1,223f25172
1,b4719ca7c
3,d56197b06
4,f3e46aa6e
2,772111493
2,26b387591
4,da4823525
3,f1e8168ce
1,6a6d80b9a
2,22d0da252
4,af52f13a5
2,73415ac0e
2,577ba4e53
0,97fadb81f
4,f0a9e7880
3,1265338d2
4,1fceb7280
4,8aaa5af7f
1,58af044bb
3,a4974980b
4,83bf26924
2,f1eff69a3
2,3b9dd74b8
3,494442e83
4,9466c9b36
2,000c21f80
1,a226c0872
1,93750c323
2,c98ae5256
2,f338db3f3
3,beaffb689
2,6cae4ce75
1,4797fd404
3,79c97b719
3,a462f03c3
3,269dbc193
2,936ae4908
1,534f1885c
1,4057b6a41
2,30ed97f23
1,2536623e0
4,3b63a0ca8
4,89ba10c3f
4,513db5e47
2,539c9ec3d
2,2046cf663
3,a93de89f5
2,e469e18c1
4,073e033a3
2,aca756485
2,26302a794
3,01e7a25d6
1,57d7b2d43
1,c7a275165
1,53233df86
2,d1bb3e502
4,e37322e54
2,71d90d199
1,a9eaa8041
1,7ab900c01
4,c333a003e
2,2d9f6b906
1,511301e7d
2,4c9e94650
2,a2200e8aa
3,98e640678
4,19d861c85
2,dd4077415
4,48593c5b4
3,e00384dc6
2,0352a0ce5
3,23cc351f5
1,c9be84842
3,d2e1a5a68
1,470653184
0,2a69e15f4
3,3b68427d2
4,7293da62a
1,088a4b4aa
4,c1f8b346b
3,c40b151c9
3,29c3d2e34
3,04af1791f
3,49b82b06e
0,d098e91c5
4,6f6064448
2,c13e5f667
2,d15797630
2,cb6587025
2,cb3310666
1,44704879b
2,b21c0bf53
4,3895b99e3
2,252403a98
4,0118e0990
4,03a6f3852
2,445810c68
4,90f068186
2,5d9ecb00f
3,aa373cc64
2,771f02e42
4,55800cee3
3,0626c67dd
4,d3987ecf5
3,38d96666f
4,988e47944
3,87226c200
2,ba7dcba75
1,2d86ffa7a
2,c6aff3fd8
1,8d3c2d72b
1,085129474
2,27e7d47b6
2,31eafe6ef
2,965005fda
3,d009e34ba
4,f8e75043b
1,6cfe2748e
3,64e00ab2c
1,7c2a08f41
1,c270806fd
1,b9de9ecd8
1,0ce1b66ce
1,1b5edd6f1
1,37ef7dcc8
1,39fa339e3
2,4f9a4bffc
4,50c0a9329
4,0df2a6f99
2,29de42f4a
4,31f602634
3,350caedf4
4,5be8cfc67
3,fa09fda1a
3,d2ad766f6
2,6591264e9
3,ff23007d4
4,3ff5b5ca1
4,a74a6d785
2,ee551ddfb
2,39b7c97c3
3,aa1d5638b
2,e685f3c4e
2,dec5e83a2
4,68df30c4d
2,c489fd162
4,9447414ff
4,40802c588
2,d272784b3
4,c4a3f5215
4,7a12b2af4
4,370280ff2
3,f267a1a66
3,7f46433b5
1,63efe7744
2,9edcc7dd0
4,9428467e8
4,3bec91491
4,eb44980b8
1,d3be56103
4,40632091e
4,c246aa80f
4,7ec454420
3,2a2f4be17
2,6692d9946
1,2954f8aea
4,915799ea3
2,3bfd36967
4,923492de1
1,8c5f5b628
2,eab225174
4,87777e68d
4,73ac66cd7
4,bc8a14000
1,d41cc19b4
1,8e9b7ecb1
4,7ab6a6192
1,0ff918b94
4,784441a4e
2,83904959c
3,9f56cf32e
1,5d0cdc3a7
4,6c221a562
4,417802258
4,643f275eb
4,7b40b013c
3,252b6b562
3,d5d4d49b4
3,5a8bcdf7d
3,2916d13e9
3,78548272e
2,6b735add7
1,c0947cb70
3,31c85be7c
2,777b17bb8
4,ddec80496
1,b77b8ae58
1,9ad247ea7
4,9efba5681
4,4406a893a
1,c4692db05
3,777373cc8
3,70aad67ae
1,79523c81d
1,82ae21e62
4,8a51a7ca6
4,62b0a2633
4,8fe8a0b9d
3,8db9935ba
2,10f27e489
3,dabe2ca11
1,c3fe885e7
4,88aaa8cb7
3,429746fa8
2,4a2f24287
1,c2c49887c
3,3155c4c07
4,696888b07
2,116d04a3e
3,22c8c9238
1,63c2914c2
3,4bfa665fd
4,211dbc5e2
3,767f03371
2,e0c0e8996
3,741947e08
2,72e59dd47
2,505037d6d
2,b11f91ced
4,93f2c9ee0
3,2e2c1d082
2,252fa874e
4,ee471427e
3,a9e1e154a
1,e2fd54afc
3,eb12b75d2
3,94ffdd93c
3,c3f088934
4,3b310f54d
4,e2005bb4c
3,f226ec9c1
2,fbe2a5ea8
3,b09467fa2
1,dc33adc1a
3,9ab81b3e0
3,8def469fe
2,bbde3314b
2,798456e7b
4,4e4bbdba2
4,75e64c6b5
4,f7b52283c
4,d8ad6c1de
1,53d870534
3,135234f32
4,2c688db55
4,aaf22f292
4,e5db86945
3,ce8fdd720
3,6180790e2
0,3ef8e3c10
1,5765d8240
1,7f992a891
2,5a4ed9f25
2,7e322bd55
4,f8868d690
1,7e008e818
3,c228f4293
3,52acbc630
3,35c34bdfd
3,8dea28408
4,7597f4210
4,591f0a114
2,3fa5fba46
4,233d08bb1
2,ca15b54ae
4,e99160687
4,4ba858df3
4,62b065db7
2,be10ae529
2,dff8203bf
3,cf56161c2
4,1b3a195ae
4,b06e4a04b
4,67e33c026
4,21323ab5c
1,44ad04898
4,e629ebf54
1,f100e4b85
1,f9cac0fa3
3,8738eafb4
1,27b46c823
4,07b5f3344
4,d8baec065
2,45530ea77
2,d27346d04
4,13517ad21
3,bd8f9547d
4,2bd5ce781
4,7fe7b5c88
1,bdab587ee
2,287ff720d
3,6422836ad
4,614494f00
3,458683f6f
4,c4acee3dc
3,26b30a979
2,83d688b83
4,fadbbfecc
2,b13517268
2,c2602732c
2,bb134e98f
3,e69d158ac
1,46ef6e10b
4,205ce681c
4,0afed346f
2,d380a2bfc
1,610f23f00
4,e12e6c77d
2,82fd13a37
1,be4053473
1,a57ccdf7a
1,5f4c5316a
3,487d249ee
1,d1d32a8d7
2,267df54a7
2,db9c0253d
3,21eca6014
2,6069f575a
4,3bdf7f396
2,f1c064a0e
1,ad70c12a7
4,3fd24c3ef
3,3563d1d53
2,e41d4efb8
2,b814839bc
4,5f35e89a9
4,b0a4f19ff
4,1cce3f324
3,81b9901db
3,8b801f2be
3,d505bed08
2,1bea8833d
2,b2a29d333
3,f95f86b17
1,bdc163732
2,bd8e74a80
2,63c8a07f4
2,630794d7d
3,984df9850
4,9dbaf8a68
2,5557ba20d
2,37968daed
4,4eae62f07
4,65d6c3290
2,d0ad242be
4,43162a244
3,38bed8f85
2,f69f6cf25
4,455fe1272
3,1585e31a1
2,70aec7d9a
4,bc309b188
2,7ddceb832
4,72bea1f70
4,ef874a565
3,ba4754079
1,eefd0bf99
4,ace2fe01d
2,9f3e1208f
4,2884073d9
1,ae1bf1397
3,e1cf1e592
1,413007d3f
2,a51a4a91f
4,3f6d04efb
2,a74ee2c2b
3,5f4bfd5f7
3,8d2be7f16
0,2bccc705a
4,49897924e
1,56a425609
2,5458ccb3d
4,0df5238d7
3,1548bba9f
2,5c6805939
2,d209adf87
2,65c748792
3,5ed9e0442
3,ca768e7de
2,875195d55
1,2b17e08a7
3,3fa587b7e
2,63935ea48
2,38af4c7e7
4,9ed4273a5
4,0fab3d2ee
1,51eb1b4b1
4,722bdf2a7
2,ea53b9c93
1,dd11efee2
3,daf0475ee
4,d800b8143
3,f9f69faca
1,5e9da1643
3,ee2b30c38
3,7ead7ea3f
4,fb61905a6
1,87d5053c6
4,169b9ccc5
0,595a40121
2,4faf00da3
2,86fc4268c
4,47469eeca
2,37b855461
3,beaa42896
3,95b2810c9
3,e091a7dce
4,8cbc9e8a2
1,9d3774025
2,f59397152
4,a168290b9
1,d631fa033
1,970a3e0e7
2,f9ff5a90d
2,9aab47fe6
3,74fafd5d5
4,d3b38f1e9
3,a29f203d8
2,07bafcec0
4,bd2e2a613
3,53d7eab35
2,6094fd727
3,be541df1b
0,aaceff2f9
2,621f9c562
2,20b198c77
2,cf99678fa
4,ae360265c
2,7ec62db29
4,f1c5acde8
4,6d497c99d
2,f32678ae6
2,b95abc52a
0,f3425ad46
4,f00e82516
2,5da7754a6
2,dd0960329
4,f81080e64
2,3dd09498f
2,ba58e37f3
4,7bfa3138d
2,7af87b0e9
3,e031aa024
3,0ecb9d4f3
2,95a312ec1
2,0919b238a
1,9042d12ed
1,4ab4710e0
4,b661e13c8
2,2b5349ff4
1,64438faa7
2,f8a723197
3,57a95d735
2,17ecb4550
4,58c4e9f5c
1,381bd3018
2,0fde2c7cc
3,ed6f693ef
2,c5f2c614b
3,1526cf0a2
3,55c5189a6
3,06fc80c2b
2,4d3a84704
2,ffea1ef51
2,d7c87febb
4,ef4d4d0d0
1,1cb33307c
1,4c7270fba
3,04204b8a1
2,3d80aedb1
0,f8af3929c
1,409f0a30e
2,fa752a9b7
1,1b9bc20ed
4,c3868c29d
1,8ec13a66e
4,d787cfbc9
2,c3dea2b43
3,1a251e813
2,734ae4be0
2,f3409ad0a
3,bd1cc6b5a
3,8f55ec42a
1,f23593596
2,12c8ae39c
4,8e5a8b127
1,4e1af64a8
1,d7d2d5063
2,925d65c0b
2,1e6cae3fe
1,87fbfdc44
1,fb2176a0d
1,021c9bd5d
1,569f0042e
2,0a4465e2e
4,71fcc91f0
1,d02c16ba6
2,2a291de5d
1,88920eb75
1,864c81ba0
1,f857fda99
1,c99e1591d
1,dc4092be1
2,082df54ae
2,fa8a8f28b
2,eeeb944a4
4,ef34344da
3,8f0235b3a
4,3d748805f
4,2b006b40f
4,c40649db3
2,0d1589413
4,1c7538aeb
4,ef326716f
2,211ea05f2
4,8e3321de8
3,093581205
3,aec43e224
1,cfa37c339
3,67fe5be41
1,3b33a44c6
1,fb6ded00c
4,e1dd34d5f
2,b05ec9a80
4,7f01bc6e5
1,c4111fca5
4,7bf18c1c9
3,56c8c337f
1,f74ed71c7
1,7000a0cd3
4,03692b443
2,24b8b2364
4,bcccc164a
1,7e8dfdcb4
1,782dbbb08
2,fef9bb912
1,479b7da76
2,72837a57b
4,21af74cbb
1,71a09cc77
2,f8d51c4ad
4,609a9b08d
4,188c4c6de
2,844805c25
2,1f21d5699
3,9333271ca
3,bdba33638
3,948f4c314
4,10359504f
3,46934491f
4,facb5e336
3,9386dbc07
2,ca694bfd0
4,ec1e7ec3e
4,b3b653e1d
4,048a377e7
3,19513f745
3,9fa354d57
3,e86fe4dc4
2,f2fabb48a
1,686045165
1,d3c4c75d6
2,d0393b239
1,d80129637
4,32a6aa751
4,c4d50addd
4,ed670fc0c
1,dd548bc9d
4,3318e6d2a
4,6b223a649
2,402afe862
4,0dc2998c3
1,ac3ca079e
4,f16ca8787
4,fd0e3963b
2,3914719b8
2,68b0a87d1
3,d6623c730
2,ab4e3334d
2,5f94a65d7
4,bff736dec
4,67ae46f0c
2,ae5dfea0c
2,4f605c05b
4,62b164a6c
3,592dd2ca3
1,450ace55e
3,b78ea4bc0
3,555c3e9ea
4,c0f48f0d7
2,90bef110d
2,307cf438a
4,0e3a6023a
3,43850cfc2
2,66a6f2e85
4,53a8e277f
4,c9afc9a2b
4,c7a5c3e7c
2,38227ec2b
4,fd3f07bff
3,48a82737c
4,53f6d3a6a
2,95c9867f1
4,cd2cc0cba
4,774151723
2,24e35e2a4
2,2d45ed13f
1,aa82fda49
1,25ff67233
4,78a6e4205
2,f05e245f5
4,dd7cb86f4
2,75a918e47
4,97ee9e04d
4,23b8acc9f
4,771df9728
4,12d5f2550
2,0079accbd
2,596a80fe7
4,40895f625
1,9546944df
2,c67be69c6
4,8121fa2d4
4,fd9ca5f77
2,fcf9e8e9e
4,5b5ba69ae
2,7b752456a
4,92745def0
3,468edb849
4,5730889aa
1,c8d90cc80
2,1a8edf921
3,4f304426a
2,bf281b8fa
2,b16dba965
2,44628537b
1,7374f319a
1,071df417e
2,d53ea316a
4,bf891ac32
1,b272f26c6
3,daee1972e
2,95bbc65f6
2,7fb5023d8
2,3b5f2f125
2,0e872621f
2,a3b171296
2,752a1a18c
1,3ab9ccf3f
1,23da85fac
4,b3dd99379
3,f5d1813ff
2,b8b7d06cb
3,45a131ede
2,1a04cda8c
2,f52c95d2c
3,984f34ed9
4,657dd47b9
3,0202e369d
4,396043c96
2,d6e9cf916
2,f65775415
4,5b62428c3
0,db0b13cb7
2,2d240f34e
3,d55a67a7e
1,687bfc259
2,db9055b04
2,8f6b00483
2,7d876d3c3
4,aef0a0aa7
1,f4366cfe1
2,03f7fb1fa
2,090db750a
2,ca2c67435
1,615b85d67
4,2ef79eed5
3,21ff37b38
2,3655904e7
2,89768b0bd
4,a24f3eee2
1,09880b33d
4,ecd9d828a
4,4cc279010
2,9421f60d2
2,17061083d
0,f0cfb4db0
0,4b4526666
4,1c7c616d0
2,2adae9684
4,a6b8c7aec
2,3d79d76e8
2,ff346b081
2,e4841c6d1
2,50c107f65
1,d3f92b1f3
2,79d31978c
2,309bf264a
3,845e7bedd
1,60d3c8540
3,a8e125294
1,31ea2e325
2,af8fde324
3,78fee18df
1,f93fb4c78
2,449b0cbdc
3,d916630e2
4,fb9e2816e
4,82024fa6f
1,7a6ec5f00
2,c2dfd359d
2,cad532968
1,9d27240d6
2,6f8b49b5c
4,bdcfbb100
2,c18d26fd0
2,363393ea1
4,ca3b76f19
4,546e1662f
4,45fbdf598
4,6ab539629
1,82005ff6d
2,e9d55e2f5
3,4fe602d3b
3,a662b8475
4,429ea92dc
3,cfe2cc0bb
2,1af68dacf
4,9a7dd294a
2,a9308bb98
4,e14eb1464
2,1ffb9ee22
2,2339d5d2a
1,29a233127
2,02cd84980
2,0bd1d8774
4,095e18e76
2,1a6533e29
4,d44a3e48b
3,a2a9bec28
2,d7fd89f97
2,943a36544
2,5072ab216
4,072a60555
4,63d3e5796
4,12c7f2757
4,b2c048257
2,86d014881
2,a860f7899
2,36db59fdd
4,73aebc70d
2,a696db2dd
4,9a270dc0b
3,d14f3ea81
1,b6d205311
1,c3d1edd4c
4,c7419482c
1,f7b52585f
1,2dfda1590
1,6684d0e8b
2,51402e984
3,a06b365f7
4,9c24b555f
1,47783af41
4,f1b4f9645
4,abaef4874
4,c8c3d1078
4,375b35593
4,d2b9485a2
1,a26ed6e70
2,ee2461c25
2,b77a42c53
4,01cee484d
4,2f95a8889
4,7e02aefc6
4,5b95eda2e
4,d9d1604b6
3,6c4629a2b
4,5564d4498
4,e752e523a
3,9d86a9330
3,79b8302d3
1,d49b06c5c
4,c094d35b2
1,a00eb571f
3,ea5e28881
2,3210b7021
3,c7581c38a
2,6fc291dd4
2,0c9994b53
4,7abedded1
1,c23e38580
4,9f68dc94e
1,39da7d21b
4,303d1dd06
3,37d28023a
4,7297ad064
4,4888c9a95
1,189c9e043
1,0046c1710
3,9ce553cce
3,3256116b4
3,0df967bf0
1,ee0cce52f
4,d5418d677
2,be482bad4
3,cc30b7b6e
1,e110cef05
2,276502657
3,aaa37315a
1,712627ad2
2,c31e1903c
1,e86107083
2,4d9579477
2,78f1f4f34
1,1ea448905
2,5b220f7e5
1,f3014bfec
2,0481867bc
4,ea3303577
2,144c648d0
2,b175ced25
2,6197b35d6
0,28c072abd
4,6a251fbc2
3,fc910aaf4
2,b215ad7f8
1,27ac0cb65
4,5230f1d6b
2,6aaa1508c
2,ecbd9d882
1,90f7bf086
2,9d74613ad
1,cb1ba3eb0
2,34ed1c879
1,6f7493868
1,47e0cdabc
2,3d7e82fbf
1,bd72a44c5
1,0df18b80a
1,63b5d00c4
4,2f51cf46c
3,3e0869354
2,e10d5d816
2,a7a61f4b4
1,c7e8c55ad
1,e6ceef9a9
1,1be1f44d2
4,98965a8ca
2,f8cfa7a2a
2,180521248
3,926bc4e1d
3,6fca92b5e
3,ae621b654
1,95a255e5d
3,776fb2490
2,61e70239c
3,7aeef8c10
3,84da6b4d7
4,11ef08db7
4,ca90e2c2a
3,3ffea94eb
2,684f27e95
3,09bf3fb62
2,1787f2f57
2,7e9ba95b3
3,7f4d42de3
2,dce4f17c2
4,ea3eab2e2
1,f3ee98546
4,8825893db
2,922fd356a
2,4c278a44b
1,21978fa25
3,962bcd128
1,bcee5c144
1,9d11a4a38
3,4c81974c8
1,df479283a
2,c7817b7ee
1,98a400117
1,0a9415917
0,dee088bf0
1,d7d2fdb1a
4,4fa97b3af
3,5329930cf
4,5495304b4
1,70c6bc5b1
4,14dd58137
2,09db2f20d
1,0d98a0e83
3,aaea4d10c
1,4c83e77f6
4,415f25b76
2,1f8b516a9
2,3a6b18020
0,802f9642a
2,46d473bf7
2,ece479280
3,d95fa2b34
4,9bf5877a2
4,848fa385c
1,e53f94fb4
2,6b96f8571
2,340145963
1,4f7a1f872
2,131c729d0
2,1e8e7e65c
4,8f627a741
4,238ed0a35
4,63e065900
0,13f9e00f3
2,22a020959
4,3447d9114
4,8754a276f
4,b525245bd
4,9f8fe1af1
2,9fb2b4db5
4,8bfbd7b69
4,4144d4718
4,63b94fef6
2,4943a3a48
3,4bb3f423f
4,806ad8957
4,3b068ba06
3,d963353f6
3,b6ea6380f
1,d6b75044d
1,250c5cfcd
4,ed8da2273
2,1ee9de109
2,c5b9176e9
4,c0f4bc286
4,b12b6cf50
1,eaf16f627
4,af0e5e60a
2,de17d709b
1,7bd227a53
2,46601fffb
4,af4e4f8fb
4,dab61f2cf
2,ea779a645
4,c793fffea
1,5402bbe59
2,d6caaebfd
4,abda68a33
3,00e0930c4
2,29a5eb091
4,fb08ee2f6
1,3ea4848aa
2,0fd70f983
4,2e4f75534
2,418a0ea41
1,cb6c83a0a
0,7c1f57faa
2,ed4e735b0
3,0d7d7f712
4,85234cd2e
4,8d4dcfa93
2,aa6497a09
4,116315e5a
3,48066d4cd
2,7d5409bb5
2,27fa40a05
1,f19e5ce56
2,30dbf42ee
4,95258f027
4,485b3052e
2,bf64b3401
2,0dfb116fb
1,1d4075c43
4,ceb9b4b16
2,8fcc36325
3,64882d1ec
2,cd0c26c8f
4,cf785cd89
1,54ab8aa67
3,7093a3a67
1,7321efaf1
4,2c9962e2a
2,ea831dc57
3,3f9a6fa48
4,45ea36f32
2,581fe109e
3,d8f1c5205
4,e87a000de
4,f575cb059
3,0314b168e
4,4e5ad9284
2,879a0fae1
3,666509f94
1,a27b73e51
2,cfb29728e
2,b8505ba1a
4,b6d3f91b2
1,b0a2c5b80
1,4436b7779
4,3fe975c2f
1,cda48e23d
1,6695a0bac
3,70d5b3be8
1,b5ff4f756
2,871aa5484
2,0d9768943
3,b1dd712fc
2,ae049ae99
2,e949c7371
1,277205e57
2,cfaf07198
1,1bcd09e4b
2,f5083f7fe
1,57c9d6381
2,a44a7232c
4,48583780b
2,aa4a66ef5
1,2deabc510
2,85178a0fb
2,3e9399e9c
2,e5e56f69d
4,37f78704d
1,5e7474f56
3,9ca48c9c4
4,d9ec3d6d8
2,9358905bd
2,6648e6c41
3,a99c5e3e7
1,0c64cce50
2,488dee151
2,dcb662cb4
0,86793b19f
2,9c84ddcee
4,5b013f9ed
3,8c4dfaf4f
4,d35ec4641
4,e615362f2
2,c1f06c624
2,0612ce99b
1,0b7fab415
1,2070bc7bd
1,1a4ad3a67
2,3b5f2c890
1,73300df8f
4,740afa71d
2,be1f988f9
1,5f9ce427d
1,d50668735
4,e6a1a2a94
1,911342831
4,0f1be59d9
4,102cca700
4,894aee840
4,0e7b56e5b
3,c63fbaaca
3,a8c50f796
2,9cfd0650e
2,36fdbfbce
4,faf6042f4
3,40cd6dd65
4,37a1dfb06
3,db405b152
0,b87039d0c
2,e2380436e
4,7f5fbcda0
1,5b0f4aa5a
1,5d531952a
4,9734f7963
1,0a8ee347f
2,5f2057c11
1,20cb29e4c
1,9cd27ce00
1,4e1148452
2,ccf0155c5
1,a0fdf4a65
1,eb8f3ccae
3,8ce330947
4,f4ce91bef
4,3c077a77d
3,ff461932b
3,85e77fc90
3,32e78e555
2,6d0075d4a
2,4698456ad
1,6052e0e37
1,dd27f8382
3,b4bf00fd9
3,e54c14bfa
3,034427b35
4,9399a7585
4,c683e9060
2,873ccfb30
2,ff8479d08
3,0e1128fd7
2,a236d4f8c
1,198962e4e
1,b1c271aed
4,80d09d5a6
3,b559b1b6f
2,49bc1fb69
0,7305bf989
0,0948c5d05
3,fe70af98b
3,94ef54d3f
4,548dda704
2,e085c584a
3,0ceb5743a
2,c2730a86f
1,a27686ecc
1,7cf2dc7fa
2,635c67049
1,d61550faf
2,bea1e3a69
1,e69d57d0e
1,281760bbe
1,999095d3b
3,3bbb8a39c
2,c97c83a49
4,e184012d1
4,0ea2272a3
1,7931cfae9
1,7abb52209
1,b6da55f40
1,59d09726d
3,4990eaea8
4,110c341f5
2,8a732f9f7
4,7344a9f88
4,f3dd82f78
1,fe71692a8
1,63131551f
4,cdc6a4661
2,7ea3d5943
2,fc0cfc43b
2,3231b8f18
4,6bcde41ce
2,9d85a347f
2,fb32cc6b3
2,a31e1889c
1,73fd3bd55
1,addf306db
1,c00244181
2,96cd359eb
2,aa28d64fb
2,d6a2349a7
2,cd1b5a754
2,34e768a22
2,4625c5b7a
4,cab25bd07
2,6d27ffaa0
4,ed063f3e3
2,67debb1a8
1,67c750dcc
0,f787f9022
4,30917fcdb
4,9478f821c
2,58db99941
0,3c71e496e
2,360935609
2,38e72721a
2,7f9b5dd23
4,bdd762104
1,7d7e82533
2,70f2e32d5
4,9159ad1d7
1,702fcec8e
3,b80a7ef91
4,6ccbe85eb
2,4797ff3b2
4,324f1daa7
1,36ec9c045
3,1818c3d47
1,959f5fccc
2,fbd990f27
4,8fc438dae
4,4389c53a8
2,f0ac6037a
4,edfdafb9e
4,5a1472807
1,90a9be56d
2,b532f31ca
1,b529dbfb3
2,79c1a290f
2,6aad7bb32
2,8ad2cff58
4,ac8a06538
3,b8bf93ab1
3,1312ac06e
2,82a34c159
2,dbc64076d
4,57c53133e
2,dc9e6c9cf
3,58534e0c2
4,b36e7586c
2,a96220890
2,1742c791e
2,3abca6400
4,33ef951c2
3,96b2b1be2
3,ae5e09a05
3,6b95d510a
2,5af680876
4,b24eff5ba
4,7c93d708e
3,2261bb5bb
2,4c706f3ed
3,3ad251303
4,458f00e08
3,535be46e4
3,11f5d0e1f
3,08f7b1165
2,f7cbf3cec
3,593293367
3,c1ffb1e18
4,d1d3d1e6b
3,f4fab46a7
1,812b69698
3,ed3aa3db4
4,aa428552e
3,a3aac449f
1,da38b157d
4,8bbc48530
4,c621476ea
4,75e47802c
4,11c6383be
2,e1f5e56ca
4,dd78fd4e5
1,179a79e4d
3,e62192eea
1,91456c5a4
1,6987f1f6c
4,3ad2d5ac8
2,14b7b8704
2,4e89d7e90
3,93ce276e5
3,c3d394164
2,27f9bcb0e
4,d260006da
3,4fa0aebb0
1,5c6b6c6ab
1,22e3ea9f6
3,c2a862ba1
1,51231911c
4,344e96b6c
3,6cb05c2f4
1,0f546e207
1,6452c6e29
1,d0ef2bf5c
4,92fd65d9f
3,da4b54316
4,95d9c0d0a
2,d4b659ef6
2,fad8a5923
4,eb202445f
2,5523bad2c
1,44b20d6b7
3,831f7ee13
4,691ab8f2c
1,8680b9acc
3,fc95f7cfd
4,56b31dfc8
4,13b608198
4,d4ef988f6
3,97da53dfe
4,598901beb
2,0127736a6
4,c15d51573
4,91cc4107e
2,f02a8bc4d
4,98882017a
4,3f3e0d53d
2,401c536c1
2,a77e073a0
2,b39849240
2,3209d52d1
4,a0ec7cf40
3,8aff1201e
4,a12a10d00
4,668afb604
4,a16c6b680
4,b9ff42d12
4,a1ee4f201
3,50f9e8f17
4,f4c44b59d
1,cefb15d2c
4,907169c5b
1,b8f4c3c95
4,5707be9f3
1,5865981a4
1,cd5592936
3,924d44c8a
1,77345c2db
1,72b99e2ae
4,c9ce77a95
3,9d4b9930a
3,f21da20fc
3,28137846b
3,0cb3cbf77
3,f23f2db4b
4,bcc4aa3d9
3,4491de321
1,ea7598339
4,ad801a8ce
2,d5988d870
2,a5d86ea68
1,2e3449b33
2,f5d06788a
4,720eff32a
4,4af176d8e
4,2a17e8f4f
4,3b3a99a18
3,80c3d1f9f
3,3b5a83169
1,02b0f3446
1,fa9d9b93c
1,692d73b55
1,3319d440f
4,ba748f786
4,029bdf8bd
1,77e601459
2,12ec862f5
2,49e81cf20
4,551aca569
4,8377e3305
2,b259fdd5a
2,e831231c9
4,0645448d3
2,ce09f2bb1
3,584d32416
1,a7fd44d7d
2,d65a7de49
2,7a095d876
3,865e24ae0
3,a29f49d6c
2,199da5b6a
4,e33d26ad6
4,f2bab5d80
3,2104caaf9
2,de45fe798
2,e5e2873f1
2,f18291f39
4,646e56f49
4,666bd3fab
4,47eb6ee01
3,8976b7cf4
4,6dcde77ea
4,5e3e532b5
3,a98931539
2,1ffbf011b
2,c562855bc
3,a84af6ee2
3,6899a9e01
2,7776e2d5a
4,2452e35cf
3,f8bea5412
4,2ddb52b59
4,2b0a1a92f
4,b062268cf
2,e9f1cb6fc
3,84b75d037
2,890f524ea
4,abd7a3644
2,b7bb469a6
2,c73207e60
2,cf7f7519d
1,3491ab0f8
2,418e6c96e
1,2aace4809
1,966a52844
1,d476fb3d2
1,bf0f66c76
4,fc85482f3
3,c67ceb1a0
2,cdb61e4a0
2,9b8d83072
1,887f6ea41
1,5367dff7f
4,fa58c9482
4,17b6af953
2,d656d0310
4,a377f17dd
3,249937485
4,a069b68f4
2,5ae2c6586
4,520d525ff
2,3a15914ff
4,efabc5b4b
2,e99b5652d
4,04bde3a71
1,88305c625
4,53e099571
3,f257f7b7c
1,cdbe39dfe
3,9e561264d
2,67aff78fa
2,33d6da4b6
1,6f40a3c89
4,fc3c2dd1e
1,c1edd8a2f
1,e19863a14
2,492e3ceb1
1,9374ff179
2,fc8b748d4
2,939acc4e1
2,021a9de0e
2,94f6ffdc5
4,07b908a27
2,eca91551a
3,43345b4d1
2,e4e95454d
3,f4d2ef282
4,4e83295b8
2,38c6148a3
4,75b33cd1d
2,acd2a8c15
4,27f1ab010
4,61d424371
2,28d8df59e
4,9a22a83e2
4,08e23c102
3,623300e2f
3,5859b26d9
1,c3e040ffe
3,e93b2f0c5
1,c48a522b3
4,f68a1df39
2,8ba686c7e
3,f01c3bb35
3,ea929133b
3,c46cf28bb
1,4209fa995
1,7853f1e92
2,2a91e876f
4,d10df409c
4,ced9a6c48
4,cc00ec8af
2,b93342403
4,d36ee84f7
4,9524f76a9
2,b071e777a
2,c5d0607cb
4,6818b2d64
2,3b0903573
1,6f88e50dd
2,58bc50f1f
4,da5d53c00
4,ff6a36405
4,4030bbd83
2,472085bac
4,92ca39ce0
4,7fcd35630
4,709624933
4,d97764d17
4,1eea05736
2,1710b366c
1,c59084b7c
2,f5dbd310e
4,f939792e8
3,9d89b799b
1,1d02ad034
3,226380287
2,8a59526f6
4,249509f8a
4,3a673e7d7
0,db6e76992
4,e0289dee8
1,f5a8a54ce
4,648bd1c3d
2,e79df36a6
3,fcf7d8381
4,e1ce677f9
4,0cdef531a
1,381a60376
4,3d01f71e3
4,4839a3341
1,4dfef2414
1,61cbbdd94
4,f31b80761
2,2d3dc1e5f
2,ce5ac7852
2,77bbda99a
1,5e6b02a87
4,0b1b7aa36
4,4de594c69
4,38c3d8dfd
1,7de87b236
4,21b9aab99
3,be7a29ccd
3,4985e9abe
1,fb7bf0ca0
2,09d59aee2
2,4bb026f02
4,efbf3fdeb
1,a818819d5
4,65fc88ea0
1,42ec28f72
4,07c6aefa5
2,449cc4db2
4,5664dd8ba
4,0a3470446
4,0cab5ddae
4,ed4913e0c
4,40b697009
4,e19165754
2,56045ba61
4,fcb54a318
0,9f36f0f04
1,777d0efca
4,ae708432d
4,365206401
1,491c028ed
3,dada7fb95
4,3fd878e1e
3,219c41ecd
2,4832858f6
1,24e0c1639
2,27959c6c3
4,e8307f240
2,8805a8cdd
1,e9dc7be0a
2,9c140b105
4,9801f4683
1,62b8e9b2f
1,01875b8d3
2,9cb0fb630
3,8d676b37d
4,bc9558ff2
1,b6bb74e90
2,13344823a
4,2285258d2
1,d765b180a
4,35a056eee
4,65cd649d0
4,5ac03395e
2,88af72d1d
4,f78fbca66
4,1c094491f
4,e02a95978
4,b4be456cd
2,57782e75f
4,6211d8c3e
4,d24706633
4,a5ae6d01f
4,a3fec2010
4,4e69d6c1d
4,81fbbb6c1
2,4fa1c4bb3
4,19697ef26
3,0225d2093
2,f17310c7a
4,46213a698
4,501f25ca4
2,a2c13fe47
4,0e0017da1
1,5083eb734
2,3f570eddd
3,79b187ddd
2,d62daa8aa
1,1eff820fd
1,74c030e17
2,d79150217
2,3ea5eb51e
2,e5a74faf8
4,173f58d6d
4,1bb5c925f
2,a1e98773a
4,df62c69f8
2,a73b445eb
3,cd733bf3e
1,f5757f749
4,e8c3af611
3,5f02c5d6a
3,a04c20b92
4,053553ce4
4,079e8e5f9
4,543d9876c
4,f2ec4f702
4,89d0b4fb6
4,3ec60effa
3,f6558ec0c
4,564de5216
4,f1145e2cf
3,14f5b8bc9
4,d6cdc667d
4,f409d6a5e
4,e755eac8d
2,155a65f45
2,ec40f5094
4,e95209758
4,d81227440
3,8127fc86a
1,1035e7647
2,d1d41875b
4,c582aebc9
1,94f77f167
1,ad8988d66
3,cf92c9e53
2,06002068a
1,a59595a9c
2,3b1338c6a
4,008652963
1,ba782d334
1,f04a92a4a
4,2d7641a19
4,5484f83ae
4,87fe1190e
3,c34aee1b5
3,0cbeef62d
1,d2ef6b0ce
1,8ee0ff988
4,1d32fdfed
4,83c1393f0
4,9ff3e17f4
4,2bd19ee29
2,7dc269289
2,269c5b546
4,8782635cb
1,bc02cb144
3,18cacd57e
2,d9178e623
1,de2bc6e36
2,04bf94e58
1,c4e6813a0
2,e620584f0
2,6d3d182a0
4,81d8fd9e5
4,6c8c56c67
4,5d1837cd4
4,b2fa9e76b
4,b8a186468
2,97d1d73b3
1,5720aeff2
1,6b7d0706d
3,619796969
2,03154323c
3,150a5414c
2,8424fd925
1,da7325042
3,2def730d7
4,ef33e9e92
3,be0459ccd
2,8dc7050a9
2,8765b34f0
4,0d08cbd65
3,09bcbcc17
4,1956274ea
2,c8d83fb64
4,e1a495eab
2,c82b3dab0
4,16798ef33
4,0f7cc9fd2
4,0f9b5ff24
4,5e1e9c882
4,f08aa7ed0
4,501e6fe63
4,492eadc03
4,9363d667b
4,e25d4b735
3,c25ee1d60
1,6a0735a13
2,403526eb2
4,803d6cf84
2,61fdfed5d
4,7cf00baee
4,f23747800
4,17d68cef8
4,d1df0dad6
4,7fd12d3f2
4,6f9a671b4
4,e323527e0
2,0ce86c383
2,d099b1398
2,5d3bb458a
2,dbfefb3b3
2,97fe38408
2,b67e41f4e
4,6b21752ff
2,6180f6ea5
2,a6c057095
0,4606d080b
1,c5ae58b37
3,64b9f1fda
4,0dcc28c74
2,e2bf9f9d5
4,6007379d5
1,392549cdb
2,c196499ea
3,bb23a06ee
4,75de594dd
2,e88e25bc4
3,a37639b9c
3,adc1072a0
1,ad69768f2
3,31b2ab140
4,be78caa07
4,e58935876
4,f2847575d
2,f06c3f277
3,ed9df93fb
1,cf5e1dc3d
2,0bdba53ae
3,d8ce2e155
4,02b507e40
0,ad0caccc5
1,7d43db30b
3,d0a129570
4,604aa6cb8
4,d72c7293d
1,d6c907902
1,c081d3629
1,d2d8c78da
4,617d58794
1,264ad33c1
2,eb15fcf7b
2,f40eb5fc7
2,4fff73fbc
1,53ebc9425
1,26aa5370d
2,91d0fe78c
4,a317c7e9b
4,262be4911
2,51cacc4b8
1,96b4e9b27
4,26bf3371e
3,2fb04c8d1
4,8777d5920
4,a503f69fb
2,391c07663
4,55b816700
1,90161ee44
1,2f3988b4e
4,11e4b614f
3,c312136a2
1,e84dfb7e3
2,8a81178e7
4,1a44d4bd3
4,7a9e25e6d
4,c503574aa
3,ac3f4aec5
4,747bc9980
4,6be275cb4
3,d101f387b
2,c2acce386
4,265349cc8
4,f61d4e0ce
3,be3541c2b
4,780c51dfb
4,492d4d9d1
3,0d5b06046
4,a0b61a03d
1,a3276b6b0
2,656459c70
1,5000e7fbf
1,544ec9871
2,0b44f7b2d
1,6d274a559
1,794b6afa7
3,13921978d
4,3a28466a7
2,620cca3f1
4,eefa6bc4b
4,49f8c1385
4,e38d6e4f5
1,9722dfe17
4,6f5c2fe62
4,835330218
4,d860e093a
4,5f5e29352
4,83e0eec2c
4,dbe03d1b1
4,4a3e2c329
2,c4130437e
2,c27a59f51
2,21c450753
1,ebc4b3548
2,750acb170
3,9ba164213
1,6a06314ec
3,a794e3245
1,ade2c8e9b
1,895564503
4,3e2f3ee14
0,7db59afc0
1,af903aff1
3,6ebd84e06
4,65277b6d7
4,be561a907
4,2cebcd19e
2,68e9b12ba
1,738f6cf50
1,432d3c29e
2,82980ef15
3,1b848cdf5
4,f0d308e46
4,2cd5096a6
4,4c1e81d8d
2,395c4755a
4,81ac0fb65
1,e1f809f71
2,be046e917
1,e5c51e06f
3,890331874
1,a0f2f3a98
1,2525ffd0e
1,d9a7bd1ba
3,b712513e5
1,9ddc11ca4
1,3345f233a
3,34991b47d
1,50dd87537
1,eb137420e
4,df819f3ee
3,32452548d
2,1be31efce
3,b5011ed9a
3,97feb67a8
3,8cf4c5c06
4,3182e9bce
3,cfaf7de5e
1,89b4c43c5
1,ee44ef33e
2,819235a42
1,c4c19d43c
4,3b9687893
4,d7e104a48
4,ccd591803
2,f2a308ca0
4,377525d70
4,1e576f92e
1,696594a39
3,ba0ba7f44
2,1dd9721f2
4,666106b61
2,1d8495b98
4,2cbaca583
3,27f70f392
4,90680906b
3,94597d934
3,24c6b615e
3,4688625ef
3,d77ac5f93
1,063fa26e1
0,07dbb240c
4,3c2ce0ba9
3,1d1110e0f
4,9036318aa
3,9d410d32b
1,4404e872a
1,84dfe2c15
4,924619a26
4,84e1db7dc
4,d82750586
4,55ec0af11
1,2c21622cd
1,c1557abd9
3,7eaa87d85
2,edcd62673
3,af04c6a53
2,13d7443f3
1,b97e71736
3,cc16c57b1
1,cfe0aa64d
2,e00b300ac
4,1da2421c1
3,468df34cf
1,cd1449614
3,215444947
1,bec90a323
2,163dc4d89
4,3d1c9a9de
1,4bf987dd7
4,5a30e83b6
2,a1c4bafbc
2,9dcd790ba
2,e16ded132
4,64da5bdfb
3,728a8abbe
2,d33a513b9
2,d6cf66f88
2,909ec4551
3,6c36797ec
2,f4066f08f
2,c489b585f
1,dde64fc3c
1,716b775c5
2,8fb635a06
4,cdf9f66bb
4,ef4c0b081
3,bb183e8ff
3,6f517ca5c
4,1a5b2e7f5
3,5965402ba
4,f8ee69cf8
4,beebe07cc
2,85df22b65
2,b141470ba
2,b9ee7bf8d
4,a3bc7e59f
3,8738e190f
4,f90a6d4c4
3,a5dc0bbbc
4,b74bd3020
4,e031dc611
4,d0c8d7387
2,ca96fb21f
1,8c3162593
4,80e3af9d9
2,d350af949
0,bbd1d4ce0
4,089c12018
2,0a2e0e0f6
1,ce7e32055
3,af55ed15d
2,80ff8b48e
3,05edb2128
3,340ecb533
1,4eeb96cc3
1,fec4a755c
1,bad0fb576
4,9178579bd
2,6eabb467d
4,36fecc4c9
1,4a96d8135
2,85b473fcb
2,e2f1962cc
4,1a040afde
4,03dbbabb2
4,acdaee1fe
3,8104be332
4,561d58f66
2,993049fd6
2,d7e70c440
3,ec5797f90
3,516f90e93
3,690709a80
4,6a7859258
2,167b39378
4,4e0c8b399
4,343110be1
4,204635b74
1,b6cdfd1b6
4,e149de7e6
1,b5834d69d
4,239662051
4,82647c4d2
1,4978f1572
3,bacd8d370
2,c7fad571c
4,98b83f118
1,5c7ddb10a
1,3ea191921
1,f9a8bc654
4,48b0b3d3e
4,560fc0423
4,e5a2f7610
2,fb3d8e662
3,c480e2beb
4,53dd0049b
1,52d662dee
2,6c5a4b9c4
4,c1a7655c8
1,a393ed091
3,573c578d0
4,45844321f
2,cb3a64f64
1,4df68f4e9
3,db3963f04
2,df9e82f13
1,6c1e84b70
2,001d503e8
2,3bd285147
4,120cbcd94
0,a3cabb21c
3,16c22e266
4,6c503f822
4,6e58b7b25
4,488b3d3c9
4,2d93f0bcd
1,74ede439f
1,74c6bc410
2,7957d3691
1,07136908b
4,ba057ca1c
4,d6da01c6b
3,4f9bca7e9
2,b0f6117c2
3,a0011c6eb
3,860344fde
4,bb888acad
4,eeaa62643
2,24f3cf2a0
4,0764a7eac
2,4082723d5
2,61a560fa2
2,90c076d07
1,d77000c72
2,ae418e62b
4,90d28943c
4,13ea5fd8d
4,8c296fe1e
4,1bbcdf7a8
4,0484a5ca3
2,b3bbe5f53
4,bb92a7567
4,ab2f40da8
3,1a778db04
4,a69bcb570
4,0fc9527f4
1,782e979b9
1,884dd8f25
4,5b211451b
3,70b11a7df
4,43f1d89d3
3,049e36678
3,9f61094e3
4,1f69be259
4,8b9f17174
4,aae936b8e
4,e90037f58
3,c559c6127
2,b65d0a984
4,6d4b0c3fe
1,b4c43aecc
4,adab615b2
2,74d3658c4
4,1fb9dbf3a
1,da4c16351
3,ed3c0df6b
3,f77ba9bda
2,dc3e4941b
3,ac67e44d0
1,1e2de68b7
4,9394c8f0e
1,66b44fdb3
4,ebbee9521
3,2fbc547de
4,938349c86
4,9657c7cbe
4,2ba214359
2,dfb9314ad
3,0551cb75a
4,bec357108
4,f8fba9187
4,8a043e726
4,734a6d4dd
4,e3eb4f930
3,d32369074
1,c86a2a0a1
4,c27d5330d
4,fee53d60d
4,47b7eb84b
2,355ad26e3
2,0c9d49657
4,751d8b175
4,74670724a
2,cc22b55f9
4,80b634cac
4,b1abcbcf2
4,72640001c
4,dbf9cb69f
1,8f1e51824
4,f7d08e1c3
4,3a7672d05
2,810d4289b
4,109163b2b
4,cea1e7845
4,2a9c5eab2
4,2b2a7ea83
3,1ea0c2a00
3,c24f53ec1
3,a2bdcdf43
3,93bfe3b45
3,a81c4083a
1,d1405c482
2,da68d90bc
3,430c7ea97
3,e0e62dbf1
2,615069b7a
3,a94f82184
3,bc85444e9
2,285806a87
3,c4431962f
4,9ab85d40c
3,c4c846cc5
2,7d8a1df6a
0,17166b40d
2,13f4f8d56
2,12dc0e350
1,5a6f06939
1,cfab64c1f
1,9090dfe7e
4,cdd0834a9
4,3b54d2ff0
4,ca093707c
4,450f42a03
2,d8d8cdf8a
1,6f57a612f
4,ce81260f8
2,f2695ba4e
2,c2bde6c93
4,623593736
2,4ecc7b377
2,a8eb87a19
4,44fbf0b84
3,095faabaa
2,f2184d6e6
4,196f254f3
3,f8110e44e
2,626f21a1e
4,7ae197acc
1,6fc48261b
3,015908ecd
4,095af2118
1,464155b72
4,b19ca2e62
2,569399673
3,6e388ef09
4,8a0a39ae9
4,08ae3eed1
3,9c05b8a69
2,1e699664a
4,b9ff9ae11
2,4d14064e1
4,e469320e2
3,a893ddc9e
3,9b47ee109
1,bcb1ab1be
1,7e3b71ed7
1,0f4cc4df3
4,bef4865b7
1,ffb1e35e1
2,640d9a19f
1,d7dccc77b
4,048e1abc5
3,8f2f6c34c
2,d1bf21817
3,dfc29cb25
4,1c3eaf19f
4,f6cd9f56b
2,b0a668568
4,23909197e
3,82a8df609
1,314154cb7
2,8b11bd238
3,52efba7a7
1,cf125d1f6
4,d63a6beee
4,1e46578c9
2,2b61cadd0
4,340889612
4,5b99137ac
4,eb94e7e3f
1,ddc357f3f
3,b588edd6b
3,452addaa7
3,8d0e4ce0b
4,23b2aa9f4
2,191edbe3b
1,4893339da
2,34deef477
3,8d0971a45
2,e9cdfb442
4,d3b88d06d
4,0b2f6de07
4,4dd4ef76e
2,868a6b282
1,3e8500c2a
2,fd9b5220d
3,82ef0904a
1,f8bf1f182
4,23a6650c4
2,5c5189b56
2,e7512e549
4,b450df98d
4,e4bfe1a51
3,ca35dcf38
4,6af25b653
1,dd74fd4b4
1,e73771274
4,91c55d736
3,a66cf0ee6
4,1961d814a
2,8a154135a
4,d5bebff81
2,054095655
3,8f9f7d3bf
2,ee8197788
3,27a5c14a3
1,4a628d5ea
4,0e4eb6bed
4,ba7974eea
3,e7c1f4c71
2,280a19fde
2,6742b2f4c
1,2c840da5c
3,4dc8a3de6
4,7e7eb03c8
2,63abb7d89
3,e853ed0d4
1,14aea25a8
4,52203fcdd
1,c91979f9d
4,6ef2a9710
3,a8ac8b270
4,9303a5a96
3,f0c4bdaa5
3,bb7a0dfd8
4,adb569968
2,5faac2a37
2,420faace4
4,78eb1ff40
4,f8aed2e9a
2,f151b8040
2,f3e8d96d8
3,421c20853
2,4dd31f93d
2,c4aa1d0ef
3,0de1a6efe
2,c250a6441
2,9843bb7d5
4,bde4e196d
4,37a3ca9d9
2,ccd3bd37b
4,3ca634c68
3,511351d55
1,8d9239735
3,deeab0fc5
3,5fbd4aa53
4,814e4dfce
4,91c57560a
3,5bc91f92b
3,5cad62f10
4,d3f0d7228
2,e85bfa7cb
3,9e3c82b5a
2,8eedeb405
4,fc428902e
4,baae8f4bb
3,dd3b0c971
3,50ae487fc
4,634a2d6ed
1,5aacfa367
4,4240ae918
3,e2de606a0
1,2ebcb2e02
4,9911add5b
4,4d0bf11c5
2,4f46a02af
2,d5816f5e7
2,c2224af98
4,a33c493e0
1,cc5ebb4b4
1,bbdd7b4f3
4,158676d7c
2,3d4f0fdfa
4,d58bbc78f
2,9fa384850
1,7112385de
4,18900149e
4,c8c7c7ee4
1,28325b3d5
1,5604b1b4b
0,a7900f4ec
2,c12240672
2,7ed005178
1,fe8797927
4,fe38d5ffc
3,8236e216c
2,fec5d79d0
4,78e4fc283
4,361f3f278
2,2ae6cda7d
2,5f1ddbd0e
4,d689e43d3
2,501c6fe9d
2,da9bfaabc
2,2bf80cc03
4,97eca3abc
2,eb34642e2
4,8a369e08c
4,6e72dafda
4,169a47ceb
2,28ebbe75c
0,cf019d00f
4,b1a73b0b5
2,26645d7da
4,6cf10fb6e
1,318800c44
3,a90798045
1,f23b5b477
3,2ee1902e6
3,21b47468d
2,89c864b4c
4,9595e492d
3,159a08149
2,45b43d15c
1,44405c1c2
1,a9ec7f379
3,191ab1abf
2,81cf77a54
3,78fe45793
2,9b01619e1
4,cd9f0fa1b
4,1ed6caed2
3,5de46abf2
4,939027417
4,b9c01e7c7
3,fd56d5adf
1,c310dc8e3
4,a5c3f9153
4,a2d789b33
2,caa619b24
2,63373bde2
1,7da0b6748
1,6f01fa715
1,cf823fe95
2,c9456de8d
2,e2f74b914
4,9751c20f0
4,5ff8d0fee
4,f3ca28aa1
4,be1caa2d1
2,0d882a77c
1,2ca54759a
4,79304a92a
4,fd86921f6
4,e03bc04cc
2,a8967b31e
4,e4e371d1c
3,8e5b5c870
4,b5c68765f
1,ea9a1ee5c
4,7d7bd1619
4,72d018a35
2,14bcc4bbc
4,8402edce8
4,dabf95220
4,5aa096eb1
4,3eed772b3
3,3bbb69d2e
4,f1d3cf2ab
2,3d042de99
1,4083b5e8c
4,5f4c80ffd
4,36d94f9cb
4,feceba12b
3,922418176
3,73f415b05
3,55f4b8bce
2,6132d96a4
2,716cb539f
4,527395d87
1,34c8e456b
3,5fcd4c375
1,647e1be95
1,62fa55a91
2,ca3eb54e1
4,6b05a04d2
2,e6e981d78
1,8778a9795
3,d2f3e3e49
1,58c0aa81a
4,8f1e6e6c2
2,88a0b1238
4,8757bc681
3,48a067308
4,ccba2b8d1
4,d56dc92cd
2,fe5560b70
4,99bc2a7a1
1,5c12667cf
3,5d29f2f11
4,810167339
3,52a0a3cec
3,31fd29beb
1,eb6c41d6e
4,3ee57f395
3,eeff4034c
2,d57da0106
2,570c5ffad
2,19d84f9de
2,12b8e4da6
1,e739d7511
4,8ae52d40c
4,a2f165942
4,a3b0f3b7b
4,492709e57
4,c67b5c182
4,9eb87edab
4,d7432fac3
2,7031a5cda
2,8e6725dbc
2,3fd732fc4
4,9f033fb12
4,d5fe28556
2,deb592585
4,8a356cba8
1,67832af51
4,f78d67427
2,41eeba049
2,030068497
2,5bee7560b
2,d5d923c09
1,e65dc3c7f
1,c6b44f4a6
1,7c733881a
1,9860ed0b0
3,3cf371788
4,2a9eb32cd
4,ba1065a24
1,133cd6876
2,0e8e7640e
0,8b994fc99
3,90dc5236b
3,bc8cea83b
4,eedb57cd6
4,963ca7ec8
1,bc2272277
2,61217d1da
4,0dbe0a1e0
3,294c406a4
4,e433950d6
4,98b106dc9
3,3faa593ae
2,d501b2fa5
1,b9bd43ed9
2,a74808fe4
1,780a11e8d
4,663a6ad3a
4,780bc6ac8
4,43c4e22f0
1,9854d0dbc
1,48c6e1680
2,077883558
4,bdaa4e12c
3,858cb8fb2
2,1854cbe64
4,301987149
1,7545c106f
4,a24483828
1,5509758d7
1,047a3dc86
4,8075da3a6
4,56400fc6d
2,e4d63203c
4,0cf8ab092
2,b5cd50120
3,8473ea25a
4,ff4bad8b2
2,4f11633ff
3,e6b83f75f
4,51147d230
1,e929b302a
2,3a6f2ca7c
4,be490ac3d
2,0111099f8
4,b1b29893c
4,15c078a1d
4,2204006b0
4,abec498d8
2,627896ec6
4,160605a86
1,71d223ded
0,c871ea250
3,68fcb36db
2,4e68b3f75
4,c162b0da6
4,0c8374d8c
3,6f417401b
1,bc3eea132
3,b7de115e8
3,96ac73ad0
2,2deb7e923
2,1ec864536
3,6e207f192
2,99898aa3a
1,4a6c731d1
1,52eb2a1c5
2,e1b1b7248
1,4b45e3d52
4,769c05615
3,4a79d0950
4,a3ccc451e
4,53d3d6316
4,4c93e6f35
2,ad8fed7c3
1,f3541b1bc
2,46b61a2d2
4,ba7801d57
2,89912005b
4,22292c841
0,bc06d9ea5
4,e29dc89da
3,0575615fd
4,9883ba0a6
4,cb6f9335a
1,eb5a2cfc5
3,a4d1de41c
2,b63a8ba44
2,bc5944086
3,ff1572529
2,58af165cd
1,dcf9473c1
3,a2a734348
4,630891c65
4,2e81f8cef
3,508811830
1,3d815b4bc
1,9a8ca9c92
2,5964afef8
2,cd802e76d
2,cc0b7f03c
3,681e534db
4,9406dfde7
2,a2f0eeabd
4,2fa420bfe
4,59f99eb7b
4,e2d8f6d49
2,4fdf852e8
4,72943b6ca
2,fc5485a38
3,f897ce4ca
2,33a84e982
1,9d437314b
4,0da144b18
2,b30881bd3
2,33c3cb115
2,2eb02905b
2,707656d7f
1,e49499be8
2,8a2040751
1,82cb3eb59
2,6b467cb2c
2,775496f57
4,144e57740
3,1a5f780f3
4,40116a9e7
4,fe1e4e8fa
4,5d3a4b13e
2,4ca157452
4,a0367f7e0
4,50a4dfde7
4,ed577f8ab
4,1b5c4d501
2,b73ee88dc
1,b250f4035
4,b149e391c
3,2098c5f0f
3,ce31622c6
3,38e9f3adf
4,81a0ebc2d
4,426f88f29
2,8d63ab362
2,1e6db8eed
1,519e13c1d
1,d1e418fba
4,a67b605e2
1,b9e9b509b
1,934b61e2c
3,2e050c364
4,03dcdcd53
4,38ca1a419
2,e5a2705ee
1,864d55acb
2,86b85538f
1,1456605ea
4,770645378
4,56a14ce4e
4,1f45ecd7f
4,1dc9e73c9
2,4e1661dc2
4,4978f492e
4,824f345bc
4,0c6769645
3,0a7828493
2,b6f3c32c8
4,d884d352e
4,f03f3659d
4,e4027ba6e
2,07e70b072
3,cdc0bf103
4,68a9559ab
4,18421f390
3,1c4a812ae
4,9215a884c
3,63acf4157
2,d7c965c59
2,7e391e8db
3,dcb579a64
4,5c6f6badd
4,8e52286c5
4,aa1f77b38
4,7ad5a3645
4,5e7916308
4,6250e5e1f
4,33afc5ea7
4,1c99fc32d
4,2c7904769
4,3bb3c3f41
3,fc8281dd8
1,f60dfc2a2
2,d0120359f
1,403c6cb85
1,07d914139
4,924323d36
1,9576d6820
3,3c7106b78
1,b0a509d5a
2,43a02bfb3
3,635d7d444
2,59898b90b
2,d5f80ffa1
2,bab6d2bbc
3,1145e3572
2,310e11cd8
3,1f7f25cfe
3,53ba70fc9
1,034770757
1,ff736aed4
4,52d52114a
4,b2ba57174
2,b452fcedc
4,8a28ff135
1,224754b26
2,d9801429b
3,f79ecce0a
4,d949d3c85
4,26c978408
2,29558e678
2,c68267a21
2,5037b355a
2,6fd6bbbac
3,1e1acbecb
2,24387278f
4,eab678e04
4,7698dd2f8
4,86c35d610
4,d5c8e8f95
0,40b28c8b2
1,13b5d77c9
2,0c4c94d92
4,80e71a429
2,0871b29c7
3,737963888
0,83e756b85
2,eaf4ce405
4,3bb5701db
3,bb88016dc
2,1edeefc59
2,4d3d5de63
1,bed0a2dd0
3,5c11b7b71
3,771236ce1
4,199ae3a3d
4,609a19425
2,c3979d74c
3,a3c11ffc0
4,5f484ce83
3,d5dc8e2ed
3,b5a3de47a
4,22bc7ce02
4,1d6e5cf3a
1,7a2f298b1
1,cddfc651c
3,f40103c83
4,410a26705
4,71f7faec1
3,8996af30b
2,40317cc21
2,5e8ae0408
2,d6caa6c1b
4,3c3b8f720
1,66ee92015
4,0d23ebf62
4,f308d84f9
4,a83316db9
4,4ec74bd2a
2,1fe6926c9
3,6cd08f9e5
4,8fab79bce
4,6bb0867d2
0,af5663a50
0,9b72b6259
4,414d8071a
4,2832e999c
3,14dac66d4
2,0723c702f
3,d8a5cbf50
3,7e53fa3c8
1,ac8a6d6b4
4,46b72a554
4,abad54d9e
2,dc799e6cf
2,66e380876
3,c9beb51d4
4,adbb5691b
1,ddff16456
2,34b07073e
2,faa44e335
3,6aee6ba64
4,ce6d26ea8
3,bf7468418
4,95d3eeb89
3,07cec96ed
3,3e5f1ed95
3,2fb2b5440
2,0e1afcba3
2,a66fac828
4,68a455136
4,b8cee8864
4,f0f332a40
3,d143d39b7
3,9f6c09778
4,ea90f4eac
1,1763f6e8c
2,32b0f73c8
1,8a44d1d0a
2,4c144f0ed
2,cec32d2d9
2,ce08bf758
1,2ce451b02
4,35ec1a697
2,9918c8c44
4,8e927101b
2,e71ce9398
1,3701826a8
2,0646fb6ba
4,e394a70d8
4,88439d7b0
1,83ba40cc6
4,f720565e5
3,590738ca0
2,f6a6a9309
4,7b709929f
4,a6f5db120
4,c9bfae3ca
3,592ff368f
2,614b290f5
4,fc5e93ddb
2,ed7eb98b9
4,9df6e927c
3,b8d8b2272
4,9c60c63f6
2,01f72959d
3,7c4c942d5
4,b37fc7248
4,599b33066
4,d5f7c611a
4,fd3d262c3
4,1bfd3fba3
1,5d9384a34
2,cbb603649
2,c2f964b3b
4,d5681d2c3
1,47536cf31
1,ae4274dd6
1,38cbd55e5
4,aff0a8156
2,42b588455
4,2136ab169
2,8bc88a336
1,559ae5667
1,e881219a0
1,b5f9c95df
4,48fe551df
2,d4bae51c9
4,015f125b8
2,3a97ac75e
4,ad3449695
4,0fd8e26c1
4,b77bebe5f
4,90d66cd6f
4,c306658fe
2,b94aa2e66
3,59680597d
2,498d70ca1
4,f931a3552
2,08daae591
3,dc4502e25
4,bfa7ed240
3,7c2b48d5f
4,23f8bb18e
2,892a5ed54
4,2b880dfcb
2,974688435
3,26b149a77
4,3d1a0b636
1,2c416fcef
4,cfa1588e2
2,584042e9e
3,493d668ba
4,a4c5e45dd
4,f192616ce
1,76e0bf879
4,1d0223148
4,0b9384acf
3,6e3e2b85a
1,4509290d7
4,d147d16ec
3,082126600
4,569798535
2,47aab029b
4,5e3011a62
2,559917f5c
2,02ffbb348
4,0a5129c92
4,60d8c1fa7
4,20671ca51
1,bede60795
1,e126dcb77
3,470343a04
2,12044707c
4,c09a0a00a
2,421becb27
4,aa22c1563
2,166503620
2,618dced8e
4,419d49119
3,ffa86db9e
2,4b14cca25
1,5c55a78e2
1,caacbd257
2,7e7d7f1c5
4,e3865d96b
4,63d17a5ad
2,3ccddbba4
4,180d75114
1,3e385e1b1
2,42635012f
4,5a951896b
3,c017a7d6b
4,5f3432403
4,03d14e004
2,f1101a527
4,db74e1329
3,0131eb078
3,df17fad20
1,44bf31aa6
1,a987ee384
4,fe9b945ae
4,7600dfada
3,cbfa8bcdd
4,270ca7309
4,16a43d1b1
4,87a8c0f0d
4,33dfbe188
1,22f85ea8e
2,e5d02f315
2,09ba96bf0
2,c572d623d
1,882c038e7
1,973194dde
4,1061d324a
4,597788b4b
3,182e0e5dd
1,0536a14c0
4,66e113c05
2,650de5c52
0,d74e047bd
3,cd2f4f5bd
4,35c9317ff
1,a6b832cfa
2,b2f3be45e
3,f0a7c0b14
1,4228045ee
4,1e3566cbe
4,398fec4a3
4,c15e547dd
1,f55332756
4,f6b4d4405
1,3d6a0b6ce
1,ae49cb15f
2,71d2e9e25
4,2d10f326a
4,dedc72b5b
2,a83818789
3,fdfcd1023
1,62f7be1c8
1,fad624d4f
3,e840929be
4,4c506cf99
4,89a97a4bb
1,b5f30bff1
4,84c0efa46
2,e8ab2aa85
1,45bd144f5
4,608e5b66b
4,672ebfd9a
4,fd1ff90f8
4,d3f554d71
2,a63706726
2,3e636c3d2
4,2366fd140
3,7e46d59c8
3,d6efb85e9
2,9d28f0f59
4,b17afb2eb
4,5ec5914e5
4,4432db7d3
2,ce5cfac06
4,ffd4fe065
4,ee1ddf5ce
4,679286002
2,073568cc5
3,02519d368
4,b7ae6b9cd
3,416bfd3dd
4,d2284ec25
4,e543bc19c
4,c82ba5889
0,cd7fcad63
2,49d4e21de
1,b5ecc08d6
4,22e87dca2
2,c692d4b45
4,edc153713
1,a30967d48
4,3603eacf0
1,600c7d1e2
4,e2b2cad49
1,122e7c0c2
2,b2b54fce7
4,c720115fe
4,02b1ab523
1,47bfcd3cc
4,2c5ee0b49
4,ebdcc42bd
4,17a5bece9
4,45e7776e1
2,dcbb918b4
2,25baf7a8d
3,600e0fb89
4,cfc94da9a
4,69baefa84
3,3cdb1a596
2,2a029afbe
4,418ea400f
4,49157aaac
1,cf0d70718
2,23a703329
4,85426f467
3,ab6048c53
4,f5ad400b7
3,ff903e52b
3,498106649
1,418700d53
1,3360d56c0
4,9a047f96b
2,06a470022
4,5344ddf4e
2,dcbe7cae8
2,bcda27f26
2,2b01a74a9
1,1e0e21059
1,b80dfae6a
2,bc05ab361
1,8459f4707
2,d12b4fe19
1,4b96e341f
4,e1180bfcd
4,9e51a9790
4,b029230e4
2,8a1bc271c
4,5ad9b6f0c
2,610788182
3,ee4325d84
4,f21c317cf
4,2abba8c6c
4,2954b46c4
2,a0b6f1501
3,8d0e790e5
4,399fa2574
4,9967c6cb6
2,a182511f2
1,51a13610e
2,19c7e095c
2,73961a218
1,2e979fe49
1,83eab3ce0
3,f223cd020
1,39ee807be
3,3010871b7
4,46e92f631
4,1706cbafe
4,f640756a4
4,50066d150
1,f116c92af
1,378d73716
1,827daf042
2,ad59fc7a0
3,26de61f1f
4,d784f7fd2
3,0c9476c38
3,b32194b94
4,8c2f1d851
4,147191c1a
4,af032a52a
4,d97b2d534
3,40873dcd6
4,c1509a54e
4,4864eb58c
2,b4b9b0153
1,cd08d8571
2,cda7cd580
1,519a6e4c4
3,234c7884f
4,6c7675e86
3,847717f72
4,491b8c806
1,0ad57c36f
4,c0ae23371
3,1361c6788
1,11f0ed3d3
4,d3cf5146b
4,0fcb4800e
4,5a7197211
4,fc21aa84c
1,869c9f3a4
4,90c2e8a86
4,13922dcc9
4,86c5aed68
2,48ec0107d
2,5892f955a
4,2e200d64f
4,efd268250
2,bce8d916d
1,bfe1af332
3,d4032d9a3
4,7204f7890
1,54188270d
1,8b6c7ef38
4,387c23325
1,3de179c07
4,7ad9d255c
4,d6ed5dfec
2,3cab9e59f
4,27d4ec9c7
1,5190cd079
3,6ec65e11d
2,dcc8ba1a0
4,68a7182fb
1,b2686029e
4,34feb9441
4,089ed3836
1,4e3b3c58c
3,1ef0e1d49
2,da6b36177
4,60036f876
2,74c8c6941
4,b749ed372
1,cf057b203
1,2e2c61226
2,aa6b3dcee
1,733a5cf62
4,66f86bfc6
4,0505896da
4,78624b4a6
4,a8c8aed05
4,7e520dca0
2,f072baaae
1,32288dcdb
2,bcd947bb6
3,66b38c4a7
4,b22b2c9ae
1,f147e61ee
3,78dcff888
2,5b3a46aef
1,8808ae25a
4,ad84ef170
4,aec383ae4
3,d0b1c9032
1,901fd9c6d
3,97d5ad3c9
3,35fb4b52a
4,a1713b945
2,d3600fbb5
4,b8f18c8ee
2,170e3f54b
4,fe7acc3a4
4,89c7a954b
4,cf162fcc3
4,ae7fee136
4,c2df334d9
4,7d7e41466
4,bd60fa3e1
2,49ba38c83
4,02c7507b0
1,6d2a3b9c3
2,68de9202c
1,f382426dc
2,bc4a10a21
3,b108f718e
3,8fe4353c3
2,cc1d53892
4,cbbb7f5c6
1,cd457aba8
4,274583307
4,a7d15b9c4
1,6446390b9
2,09a0af133
2,12049565b
2,5191cb99d
4,c6d749ab2
4,3427a70d0
2,81816952b
3,3d2e660fb
2,d12e91a45
4,d1b426458
4,62173a996
1,22e3c334e
1,96d7cffab
2,322182861
4,6aadea6a0
2,cbde71ab6
2,cebf7bb09
4,4fb937efc
1,970f45412
1,6b0c2cccf
4,18728cb17
4,b2ee9c7b7
3,f573a5446
4,636f53bb7
4,5ee29107f
2,1b28b1fdf
4,ecf8b957a
3,d460338fe
2,88a4aad35
2,b681b66c6
2,30a693a7d
4,a0c8140f5
1,3057d4d49
3,4d632070a
4,ca5f98a97
4,22a94e714
2,fca822dd6
2,94eab2b21
2,36afecaab
4,517f2a2f5
3,732202694
3,59f3943d5
4,d34c5122b
3,3abe49dd7
4,c5ab0b9af
1,dc0d4f14a
2,ead8e4c7d
4,9dd6d4d6b
2,f64be1c78
4,85f9f0467
2,9a77b0cef
3,c1887daf8
1,3a950c0ed
1,17d350878
4,5c565177c
4,4779d1360
4,e3d2448a9
4,c4c74a141
4,237231bc6
4,e44119a49
1,2fc95bdf0
4,2d11c301e
2,ac47a02cd
2,507922ae4
3,4a983bae4
4,3a9c20f49
4,e950e95ac
1,ebb95545d
4,f2d9c8306
2,12cc48715
1,c76364116
2,5a2783ea4
4,1540b97a6
4,7740a0272
4,7d8a249bf
4,629a4e6fd
0,3712f20d5
4,451f12bac
4,515863340
2,305d685bf
4,74ee75020
2,634ae6954
4,7a0832e2c
2,065d6994c
2,ffe2d8e81
4,ebac08276
4,5148edd39
1,f85b86356
4,c56bbf410
2,b83351b7b
4,4abffeca5
2,c7dec8dc7
4,92bd6899e
2,c86d01c1f
4,664f1e2fc
1,e2c7d7c0a
2,f15762b6a
3,70acc40a4
3,0ddc7d3ac
2,035582f8f
3,84b14662a
2,1b8d3ff56
2,a0591aa18
4,60a3481ec
1,031da46f7
3,dbd702a56
4,e2489b317
4,4c98ba1e5
2,be27a9e19
1,3cbb1c0f7
4,a28594c46
4,001ec8d5b
3,23118a766
3,1333e803a
4,65ec259b0
1,ee397e714
4,c0c98962b
4,028c68583
2,db34d666a
4,86fc61089
2,3f86154cf
1,d35231e5a
4,629fe6dff
4,fe0531700
4,4bbaa98d6
4,7b3ab3ad4
2,5d9a28223
1,8255e2fa2
1,ee9c002d6
2,004682b50
4,badf057cb
4,759dfb282
1,3f6fcc67e
4,4b5d368ca
4,31f9fa1e0
4,452d9758d
4,e29b59239
1,cd8a82b97
4,e3ca4f2d0
4,17a021ba4
4,ec490205b
2,7c5988282
4,053205cfa
4,ea466e975
4,8661faa01
2,5c253db79
1,b49f9924c
3,7829548b7
3,4b063107f
3,365fb3a96
1,e65540b4f
4,3a60ba6dc
4,fc1b8a4f0
4,1c11185f4
4,72dabb7a1
4,548f0e9c6
4,8c9bdff8c
4,042d0d192
4,5232fd036
4,1ec422aae
4,76dfac4a1
4,dabe705dc
3,5946a80c6
2,4311ab46a
3,bf3f3d3a5
4,1503a77d2
3,b7d73e11a
1,e3040d73f
4,919d37b36
2,fe099f48b
3,05257447c
3,f4c33173e
2,ae94db5ca
3,32b44785c
4,c16d1cce2
1,729abd2f2
3,4fab97693
2,81d9e0ce1
4,42c2bce02
4,e122e5cab
2,ab274b176
3,975298673
3,499909f04
4,71b1e25bb
4,0be96ad8b
2,f2ad92283
1,a3aa0993b
2,511f1a6db
2,6834e2da3
3,d6e620f87
1,3a0d5f49d
0,906573861
4,0ccf2fecc
1,8cca8236b
2,f8aa09ab4
1,a4849f4f0
2,1b143c468
2,af2bf2c48
4,f0a6b590b
4,b88e57980
4,e6342c172
4,60d52c67a
3,1adf16bff
1,8affd8298
2,bf43c64b8
4,40213b255
2,1bf5096b7
2,914f2de70
1,fd262420a
4,ba6cbb3b9
4,60dc7a869
3,cb4fb933f
1,eaab0dc4f
3,560a38b5c
1,61453c43e
2,cabaf8033
1,065367f09
2,1e55008d0
4,d7655dc4b
4,74bf493b5
3,44f54a0a9
4,94ff23a43
4,f872210bb
4,846937574
4,a1eddc185
2,dd1812b4c
4,2f49a3373
4,a6bb2a0f5
4,9677159a5
1,5358914db
3,826e7fede
4,11b859665
4,b5a5ec644
2,73c83dc73
3,dfa0ff644
1,5a67c3ceb
4,a49f5a481
3,dc64dc5f4
4,577126f85
4,2f0c29529
1,6790b71f2
3,e876c142c
2,08ba5ce13
2,7bec80b02
2,fb6fbaa05
1,0a44cc8ba
3,9cb0c885e
4,3245790c7
4,d77d11ccd
4,e3aa17a53
4,27bf5c8f8
2,860591c44
3,61fe0f6f7
2,13fe509ca
4,7d3ce3195
4,1572bf9cc
2,b72537712
1,3d20d52f1
3,7999ea5fe
1,cabbe9d14
2,111f4f6ed
4,800ca542b
2,1badb11f5
2,5b3151e25
4,d51ba0fce
1,4eb926dde
1,89815c687
2,e87b4fdbc
3,8d7f3f71c
2,45c8f591d
1,9b1035016
1,7d50924c3
3,409b92edb
4,5f75c7083
1,132916303
3,b8bea2c62
2,ef306b0f9
2,1ff198b2c
4,06983c308
3,23f664cf6
4,4d932ca97
1,41814d501
2,6bcb7ed25
3,8650fce42
4,b4b7512ad
4,31ed5d5ec
4,4586798a6
3,e5ec7709d
4,fa0b958ae
1,85fda19ab
4,d6a2fa83e
3,08f25f7da
1,a159e317f
2,09582e51b
1,0c9cc3c3d
2,fd6a10dd8
4,3b22e5249
4,62abaa505
3,d274a7103
2,4f244a307
4,34e4c214d
2,67b8ae43b
2,285a40127
1,ce637df13
4,e07d8debe
4,5c23692a4
1,4dc690fca
4,40739eff7
1,e90b93c02
2,0a4831022
3,d24a644d5
2,6bde0667b
1,e25b59349
1,10bc6fc6a
2,2d7a91c59
2,e5bbe3e54
